actor,pelicula
Actor_634,Lord of the Rings
Actor_929,Nueve Reinas
Al Pacino,Movie_71
Actor_657,Nueve Reinas
Actor_689,Mitchell
Diego Luna,Movie_134
Actor_130,Relatos Salvajes
Actor_890,Dynasty Movie
Denzel Washington,Movie_125
Actor_906,Amores Perros
Ricardo Darin,Movie_66
Ricardo Darin,Movie_455
Denzel Washington,Movie_211
Denzel Washington,Movie_52
Actor_408,Beach Blanket Bingo
Antonio Banderas,Movie_233
Robert De Niro,Movie_484
Al Pacino,Movie_58
Meryl Streep,Movie_218
Scarlett Johansson,Lord of the Rings
Gael Garcia Bernal,Y tu mama tambien
Al Pacino,Lord of the Rings
Diego Luna,Movie_170
Christian Bale,The Big Steal
Christian Bale,Movie_130
Linda Evans,The Godfather
Cate Blanchett,Movie_396
Denzel Washington,Movie_351
Actor_601,Nueve Reinas
Christian Bale,Nueve Reinas
Actor_632,Movie_453
Actor_19,Amores Perros
Actor_978,Lord of the Rings
Actor_773,Green Book
Gaston Pauls,Movie_266
Actor_151,Movie_19
Mahershala Ali,Movie_166
Cate Blanchett,The Big Steal
Cate Blanchett,Movie_71
Actor_119,Dynasty Movie
Diego Luna,Movie_198
Meryl Streep,Relatos Salvajes
Actor_167,Amores Perros
Scarlett Johansson,Movie_137
Linda Evans,Movie_103
Ricardo Darin,Movie_151
Actor_361,Relatos Salvajes
Christian Bale,Lord of the Rings
Mahershala Ali,Mitchell
Al Pacino,Movie_469
Gaston Pauls,Movie_454
Actor_323,Lord of the Rings
Denzel Washington,Movie_485
Tom Hanks,Movie_288
Cate Blanchett,Movie_3
Tom Hanks,Movie_342
Viggo Mortensen,Y tu mama tambien
Penelope Cruz,Dynasty Movie
Actor_401,The Secret in Their Eyes
Meryl Streep,Movie_371
Actor_162,Dynasty Movie
Actor_989,Mitchell
Ricardo Darin,Movie_382
Penelope Cruz,Movie_383
Actor_375,The Big Steal
Gaston Pauls,Movie_338
Cate Blanchett,Lord of the Rings
Actor_428,Inception
Robert De Niro,Movie_202
Gaston Pauls,Movie_432
Actor_796,Movie_217
Actor_492,Dynasty Movie
Actor_100,Beach Blanket Bingo
Al Pacino,Movie_255
Brad Pitt,Movie_89
Al Pacino,Movie_176
Ricardo Darin,Movie_95
Diego Luna,Movie_197
Mahershala Ali,Movie_148
Actor_667,Movie_231
Actor_64,Movie_6
Actor_789,Green Book
Actor_757,Green Book
Actor_29,Movie_120
Actor_778,Movie_254
Actor_706,Movie_406
Actor_205,Movie_17
Actor_99,The Godfather
Actor_897,The Godfather
Christian Bale,Movie_421
Viggo Mortensen,Movie_29
Actor_602,Inception
Soledad Villamil,Movie_142
Actor_756,Green Book
Brad Pitt,Dynasty Movie
Linda Evans,Movie_319
Meryl Streep,Movie_92
Actor_239,Movie_219
Cate Blanchett,Movie_421
Al Pacino,Movie_158
Denzel Washington,Movie_321
Ricardo Darin,Movie_93
Actor_657,Pulp Fiction
Antonio Banderas,Movie_441
Leonardo DiCaprio,Movie_324
Scarlett Johansson,Movie_365
Gael Garcia Bernal,Relatos Salvajes
Diego Luna,Relatos Salvajes
Actor_572,Mitchell
Actor_422,Mitchell
Actor_854,Mitchell
Actor_787,Inception
Scarlett Johansson,Y tu mama tambien
Al Pacino,Y tu mama tambien
Actor_296,Relatos Salvajes
Soledad Villamil,Movie_270
Actor_570,Beach Blanket Bingo
Actor_804,The Big Steal
Actor_803,The Godfather
Ricardo Darin,Movie_383
Soledad Villamil,Movie_432
Antonio Banderas,Movie_167
Scarlett Johansson,Movie_106
Penelope Cruz,Movie_251
Actor_227,Mitchell
Antonio Banderas,Movie_169
Actor_838,Y tu mama tambien
Actor_407,Beach Blanket Bingo
Gaston Pauls,Movie_279
Actor_956,Lord of the Rings
Actor_570,Movie_114
Actor_851,Nueve Reinas
Actor_646,Y tu mama tambien
Actor_130,Dynasty Movie
Mahershala Ali,Movie_404
Actor_931,Green Book
Mahershala Ali,Movie_233
Scarlett Johansson,Movie_96
Actor_415,The Big Steal
Tom Hanks,Movie_123
Leonardo DiCaprio,Movie_229
Actor_197,Dynasty Movie
Gaston Pauls,Movie_449
Actor_281,Movie_458
Actor_962,Lord of the Rings
Tom Hanks,Movie_168
Actor_358,Amores Perros
Brad Pitt,Movie_297
Denzel Washington,Movie_68
Meryl Streep,Movie_443
Actor_617,Inception
Ricardo Darin,Movie_326
Ricardo Darin,Movie_60
Actor_913,The Secret in Their Eyes
Actor_250,Dynasty Movie
Viggo Mortensen,Movie_371
Linda Evans,Relatos Salvajes
Cate Blanchett,Y tu mama tambien
Actor_112,Amores Perros
Actor_687,Movie_393
Actor_557,Movie_453
Actor_442,Movie_73
Actor_343,Relatos Salvajes
Denzel Washington,Movie_420
Leonardo DiCaprio,Movie_202
Actor_147,Beach Blanket Bingo
Actor_965,Dynasty Movie
Actor_883,Pulp Fiction
Linda Evans,Movie_445
Actor_879,Movie_336
Viggo Mortensen,Movie_200
Actor_315,Beach Blanket Bingo
Gael Garcia Bernal,Movie_46
Actor_83,The Godfather
Meryl Streep,Dynasty Movie
Actor_474,Relatos Salvajes
Penelope Cruz,La Reina del Sur
Actor_766,Movie_306
Scarlett Johansson,Movie_108
Actor_694,La Reina del Sur
Actor_430,The Secret in Their Eyes
Actor_88,The Secret in Their Eyes
Robert De Niro,Movie_299
Denzel Washington,Movie_135
Brad Pitt,Movie_254
Actor_326,Mitchell
Linda Evans,Movie_129
Gael Garcia Bernal,Movie_185
Actor_64,Amores Perros
Actor_76,Dynasty Movie
Actor_345,Mitchell
Brad Pitt,Movie_276
Mahershala Ali,Movie_223
Actor_314,Inception
Meryl Streep,Movie_259
Actor_995,Beach Blanket Bingo
Linda Evans,Movie_246
Actor_538,La Reina del Sur
Tom Hanks,Movie_225
Ricardo Darin,Movie_190
Actor_632,La Reina del Sur
Christian Bale,Movie_484
Actor_369,Green Book
Cate Blanchett,Movie_311
Actor_159,The Secret in Their Eyes
Antonio Banderas,Movie_420
Ricardo Darin,Beach Blanket Bingo
Gaston Pauls,Movie_163
Actor_202,Y tu mama tambien
Viggo Mortensen,Movie_361
Tom Hanks,Movie_172
Gael Garcia Bernal,Mitchell
Al Pacino,Movie_282
Antonio Banderas,Movie_43
Brad Pitt,La Reina del Sur
Actor_342,Mitchell
Penelope Cruz,Movie_500
Actor_976,The Secret in Their Eyes
Tom Hanks,The Godfather
Gaston Pauls,Movie_414
Actor_927,Movie_78
Robert De Niro,Movie_336
Actor_771,Green Book
Cate Blanchett,Movie_108
Ricardo Darin,Movie_114
Cate Blanchett,Movie_395
Actor_388,Y tu mama tambien
Gaston Pauls,The Big Steal
Actor_723,Pulp Fiction
Penelope Cruz,Inception
Gael Garcia Bernal,Movie_24
Ricardo Darin,Movie_48
Linda Evans,Movie_159
Actor_804,Y tu mama tambien
Actor_592,The Godfather
Denzel Washington,Movie_105
Scarlett Johansson,Movie_479
Mahershala Ali,Movie_444
Soledad Villamil,Movie_389
Ricardo Darin,La Reina del Sur
Actor_674,Mitchell
Cate Blanchett,Movie_229
Gaston Pauls,Movie_3
Linda Evans,Movie_327
Meryl Streep,Movie_251
Viggo Mortensen,Mitchell
Actor_350,The Godfather
Ricardo Darin,Movie_384
Actor_52,Inception
Actor_525,Pulp Fiction
Brad Pitt,Movie_500
Actor_153,The Big Steal
Actor_127,Movie_123
Actor_125,Green Book
Gaston Pauls,Lord of the Rings
Actor_671,Dynasty Movie
Actor_935,The Secret in Their Eyes
Actor_573,The Big Steal
Antonio Banderas,Movie_318
Actor_474,Movie_159
Actor_893,Nueve Reinas
Denzel Washington,Movie_235
Actor_349,Lord of the Rings
Actor_913,Movie_99
Actor_322,Movie_306
Actor_239,The Secret in Their Eyes
Mahershala Ali,Movie_463
Brad Pitt,Inception
Actor_522,Pulp Fiction
Actor_484,Y tu mama tambien
Ricardo Darin,Movie_169
Actor_981,The Secret in Their Eyes
Soledad Villamil,Movie_112
Actor_738,Lord of the Rings
Al Pacino,Movie_226
Actor_690,Nueve Reinas
Scarlett Johansson,Movie_192
Actor_849,Mitchell
Soledad Villamil,Movie_425
Antonio Banderas,Movie_342
Actor_448,Amores Perros
Soledad Villamil,The Big Steal
Actor_182,Pulp Fiction
Actor_736,The Godfather
Linda Evans,Dynasty Movie
Actor_647,La Reina del Sur
Actor_379,The Godfather
Actor_70,Amores Perros
Actor_522,The Secret in Their Eyes
Ricardo Darin,Inception
Actor_767,Inception
Actor_612,Mitchell
Actor_690,Lord of the Rings
Brad Pitt,Movie_17
Diego Luna,Movie_104
Soledad Villamil,Nueve Reinas
Actor_343,Dynasty Movie
Leonardo DiCaprio,Movie_75
Actor_444,Movie_316
Ricardo Darin,Movie_457
Actor_519,The Secret in Their Eyes
Actor_577,Green Book
Leonardo DiCaprio,Movie_7
Scarlett Johansson,Mitchell
Gaston Pauls,Movie_255
Al Pacino,Mitchell
Actor_649,Movie_426
Actor_254,The Big Steal
Viggo Mortensen,Movie_481
Actor_661,The Secret in Their Eyes
Soledad Villamil,Lord of the Rings
Actor_496,The Godfather
Actor_577,Movie_111
Actor_29,Nueve Reinas
Actor_133,Movie_419
Actor_8,Beach Blanket Bingo
Actor_762,La Reina del Sur
Actor_231,Inception
Gael Garcia Bernal,Movie_422
Leonardo DiCaprio,Movie_336
Actor_298,Beach Blanket Bingo
Actor_974,Movie_102
Antonio Banderas,Movie_329
Actor_599,The Secret in Their Eyes
Tom Hanks,Movie_278
Actor_909,Y tu mama tambien
Scarlett Johansson,Movie_40
Actor_765,The Big Steal
Actor_532,The Big Steal
Actor_86,The Godfather
Actor_564,Mitchell
Gael Garcia Bernal,Movie_276
Denzel Washington,Movie_458
Ricardo Darin,Movie_399
Actor_171,Lord of the Rings
Ricardo Darin,Movie_147
Viggo Mortensen,Movie_251
Scarlett Johansson,Movie_59
Penelope Cruz,Green Book
Penelope Cruz,Movie_427
Actor_207,La Reina del Sur
Tom Hanks,Relatos Salvajes
Brad Pitt,Movie_173
Gaston Pauls,Y tu mama tambien
Tom Hanks,Movie_474
Cate Blanchett,Mitchell
Actor_740,Inception
Actor_796,Dynasty Movie
Actor_470,Amores Perros
Actor_21,Movie_20
Actor_177,Beach Blanket Bingo
Actor_446,Y tu mama tambien
Actor_704,Dynasty Movie
Gaston Pauls,Movie_106
Penelope Cruz,Movie_57
Actor_937,Movie_173
Actor_312,The Big Steal
Christian Bale,Movie_93
Actor_126,Movie_222
Actor_683,La Reina del Sur
Meryl Streep,Movie_266
Actor_31,The Godfather
Actor_447,Movie_283
Viggo Mortensen,Movie_94
Penelope Cruz,Movie_244
Robert De Niro,Movie_457
Actor_319,Movie_115
Actor_784,Pulp Fiction
Ricardo Darin,Movie_476
Linda Evans,Movie_254
Actor_855,The Secret in Their Eyes
Actor_757,Relatos Salvajes
Soledad Villamil,Movie_393
Actor_980,Y tu mama tambien
Actor_896,Pulp Fiction
Christian Bale,Movie_436
Scarlett Johansson,Movie_300
Al Pacino,Movie_233
Tom Hanks,Movie_411
Actor_921,Movie_126
Gael Garcia Bernal,Movie_199
Denzel Washington,The Godfather
Actor_943,Movie_85
Ricardo Darin,Green Book
Actor_219,La Reina del Sur
Cate Blanchett,Movie_291
Robert De Niro,Movie_402
Robert De Niro,Movie_232
Linda Evans,La Reina del Sur
Brad Pitt,Movie_400
Actor_398,Nueve Reinas
Soledad Villamil,Movie_61
Actor_742,Movie_15
Actor_324,The Big Steal
Actor_400,Movie_66
Mahershala Ali,Movie_412
Actor_688,Y tu mama tambien
Scarlett Johansson,Movie_125
Robert De Niro,Movie_179
Actor_617,Amores Perros
Mahershala Ali,Movie_10
Actor_318,Mitchell
Actor_777,The Big Steal
Actor_545,Green Book
Cate Blanchett,Movie_37
Actor_712,Nueve Reinas
Actor_577,Lord of the Rings
Actor_571,Inception
Meryl Streep,Movie_21
Actor_954,Pulp Fiction
Actor_707,Mitchell
Cate Blanchett,Movie_233
Actor_859,Movie_200
Actor_444,The Secret in Their Eyes
Gael Garcia Bernal,Movie_309
Actor_651,The Secret in Their Eyes
Antonio Banderas,The Godfather
Actor_712,Lord of the Rings
Actor_381,The Godfather
Actor_847,Green Book
Al Pacino,Movie_223
Gael Garcia Bernal,Movie_454
Brad Pitt,Movie_88
Antonio Banderas,Pulp Fiction
Linda Evans,Movie_165
Actor_469,Nueve Reinas
Penelope Cruz,Movie_171
Actor_998,Relatos Salvajes
Actor_484,Mitchell
Actor_381,Pulp Fiction
Actor_96,Inception
Robert De Niro,Movie_102
Linda Evans,Inception
Mahershala Ali,The Big Steal
Actor_433,Movie_176
Actor_352,Amores Perros
Actor_928,The Godfather
Ricardo Darin,Movie_236
Actor_409,Movie_132
Actor_693,The Godfather
Mahershala Ali,Movie_44
Viggo Mortensen,Movie_142
Actor_866,Dynasty Movie
Actor_829,Movie_123
Mahershala Ali,Nueve Reinas
Actor_317,Movie_314
Gael Garcia Bernal,Movie_250
Actor_267,Amores Perros
Penelope Cruz,Movie_452
Tom Hanks,Dynasty Movie
Actor_627,Lord of the Rings
Actor_763,Green Book
Antonio Banderas,The Secret in Their Eyes
Viggo Mortensen,Movie_20
Scarlett Johansson,Movie_110
Al Pacino,Movie_113
Antonio Banderas,Movie_394
Brad Pitt,The Big Steal
Actor_568,The Godfather
Actor_58,Movie_486
Actor_826,Pulp Fiction
Actor_539,Y tu mama tambien
Robert De Niro,Movie_149
Ricardo Darin,Movie_379
Actor_780,The Big Steal
Meryl Streep,Movie_156
Actor_394,Dynasty Movie
Actor_204,The Secret in Their Eyes
Antonio Banderas,Movie_339
Meryl Streep,Movie_400
Actor_151,Beach Blanket Bingo
Actor_580,Relatos Salvajes
Penelope Cruz,Amores Perros
Brad Pitt,Movie_292
Actor_953,Pulp Fiction
Actor_874,Green Book
Gaston Pauls,Movie_296
Actor_47,Inception
Brad Pitt,Lord of the Rings
Actor_66,Amores Perros
Linda Evans,Movie_399
Actor_84,Lord of the Rings
Actor_242,Movie_436
Actor_692,Inception
Actor_584,Mitchell
Actor_696,Movie_284
Actor_370,The Secret in Their Eyes
Denzel Washington,Movie_364
Actor_983,La Reina del Sur
Robert De Niro,Movie_235
Actor_977,Lord of the Rings
Cate Blanchett,Movie_441
Actor_768,Movie_25
Soledad Villamil,Movie_442
Antonio Banderas,Movie_494
Cate Blanchett,Movie_110
Actor_908,Green Book
Actor_813,Inception
Actor_83,Beach Blanket Bingo
Actor_34,Beach Blanket Bingo
Actor_558,The Godfather
Denzel Washington,Relatos Salvajes
Actor_805,Beach Blanket Bingo
Actor_12,Movie_341
Penelope Cruz,Movie_133
Actor_854,Nueve Reinas
Actor_466,Mitchell
Antonio Banderas,Movie_372
Actor_864,Nueve Reinas
Brad Pitt,Movie_137
Gaston Pauls,Mitchell
Mahershala Ali,Movie_176
Actor_755,Nueve Reinas
Christian Bale,Movie_32
Actor_111,Mitchell
Penelope Cruz,Movie_134
Actor_409,Nueve Reinas
Actor_70,Mitchell
Actor_286,The Big Steal
Meryl Streep,Movie_163
Actor_277,La Reina del Sur
Actor_126,The Godfather
Actor_701,Mitchell
Linda Evans,Movie_403
Actor_987,Movie_71
Actor_616,Movie_437
Actor_689,The Secret in Their Eyes
Actor_438,Movie_191
Tom Hanks,Movie_386
Robert De Niro,Movie_316
Ricardo Darin,Movie_150
Actor_238,The Secret in Their Eyes
Actor_83,La Reina del Sur
Meryl Streep,Movie_414
Actor_409,Lord of the Rings
Actor_794,Pulp Fiction
Gael Garcia Bernal,Movie_132
Ricardo Darin,Amores Perros
Penelope Cruz,Y tu mama tambien
Mahershala Ali,The Godfather
Meryl Streep,The Big Steal
Actor_38,The Godfather
Mahershala Ali,Movie_91
Ricardo Darin,Movie_45
Actor_365,Movie_468
Actor_17,Green Book
Linda Evans,Green Book
Mahershala Ali,Pulp Fiction
Diego Luna,Movie_116
Leonardo DiCaprio,Movie_238
Actor_862,The Big Steal
Linda Evans,Movie_230
Actor_613,The Big Steal
Al Pacino,Movie_420
Brad Pitt,Movie_158
Actor_281,La Reina del Sur
Scarlett Johansson,Movie_43
Meryl Streep,Lord of the Rings
Actor_646,Movie_370
Actor_693,Relatos Salvajes
Actor_732,Nueve Reinas
Christian Bale,Movie_68
Christian Bale,Movie_232
Leonardo DiCaprio,Movie_342
Actor_550,Movie_43
Actor_437,Amores Perros
Actor_502,Lord of the Rings
Actor_479,Mitchell
Soledad Villamil,Movie_381
Brad Pitt,Y tu mama tambien
Tom Hanks,La Reina del Sur
Mahershala Ali,Movie_464
Scarlett Johansson,Movie_139
Mahershala Ali,The Secret in Their Eyes
Tom Hanks,Movie_154
Actor_924,Nueve Reinas
Actor_439,La Reina del Sur
Actor_40,Movie_189
Actor_395,Movie_227
Actor_450,Beach Blanket Bingo
Actor_254,Mitchell
Actor_570,Relatos Salvajes
Actor_78,Relatos Salvajes
Scarlett Johansson,Movie_320
Gaston Pauls,Movie_37
Actor_267,Relatos Salvajes
Gaston Pauls,Movie_233
Ricardo Darin,Movie_170
Actor_598,Nueve Reinas
Gael Garcia Bernal,The Big Steal
Cate Blanchett,Movie_8
Diego Luna,The Big Steal
Actor_328,Beach Blanket Bingo
Christian Bale,Movie_477
Actor_992,The Secret in Their Eyes
Actor_548,Pulp Fiction
Actor_295,Green Book
Actor_20,The Secret in Their Eyes
Viggo Mortensen,Movie_219
Actor_796,Green Book
Gael Garcia Bernal,Nueve Reinas
Actor_763,Amores Perros
Robert De Niro,Movie_417
Leonardo DiCaprio,Movie_175
Actor_652,Inception
Actor_762,Movie_497
Actor_866,Inception
Actor_737,The Big Steal
Cate Blanchett,Movie_139
Actor_750,Relatos Salvajes
Actor_527,Pulp Fiction
Al Pacino,Movie_201
Christian Bale,Movie_476
Diego Luna,Movie_292
Linda Evans,Movie_354
Leonardo DiCaprio,Movie_264
Tom Hanks,Inception
Actor_537,The Big Steal
Actor_23,Lord of the Rings
Gael Garcia Bernal,Lord of the Rings
Diego Luna,Lord of the Rings
Robert De Niro,Movie_172
Actor_169,La Reina del Sur
Viggo Mortensen,Movie_181
Linda Evans,Movie_101
Tom Hanks,Movie_213
Actor_673,Dynasty Movie
Antonio Banderas,Movie_453
Actor_288,Mitchell
Robert De Niro,The Godfather
Actor_59,Green Book
Tom Hanks,Movie_65
Penelope Cruz,Movie_416
Denzel Washington,Dynasty Movie
Actor_669,Amores Perros
Viggo Mortensen,The Big Steal
Actor_681,The Big Steal
Actor_493,The Secret in Their Eyes
Actor_465,Y tu mama tambien
Actor_207,Amores Perros
Actor_736,La Reina del Sur
Actor_527,The Secret in Their Eyes
Soledad Villamil,Movie_336
Christian Bale,Movie_473
Viggo Mortensen,Nueve Reinas
Actor_166,The Godfather
Soledad Villamil,Movie_37
Linda Evans,Movie_366
Al Pacino,Movie_389
Actor_931,Movie_253
Meryl Streep,Movie_228
Cate Blanchett,Movie_318
Viggo Mortensen,Movie_3
Antonio Banderas,Movie_298
Actor_454,The Secret in Their Eyes
Robert De Niro,Movie_186
Actor_539,Mitchell
Actor_107,Movie_203
Christian Bale,Movie_288
Gaston Pauls,Movie_351
Meryl Streep,Y tu mama tambien
Antonio Banderas,Movie_293
Actor_798,Green Book
Viggo Mortensen,Lord of the Rings
Actor_496,La Reina del Sur
Actor_582,Mitchell
Actor_494,Movie_381
Diego Luna,Movie_450
Antonio Banderas,Movie_245
Actor_400,Inception
Cate Blanchett,Movie_342
Cate Blanchett,Movie_136
Antonio Banderas,Dynasty Movie
Gael Garcia Bernal,Movie_176
Soledad Villamil,Movie_275
Robert De Niro,Movie_170
Actor_174,Amores Perros
Ricardo Darin,Relatos Salvajes
Ricardo Darin,Movie_474
Actor_801,Green Book
Mahershala Ali,Movie_99
Actor_326,Pulp Fiction
Viggo Mortensen,Movie_195
Actor_114,Amores Perros
Actor_320,Nueve Reinas
Soledad Villamil,Movie_52
Leonardo DiCaprio,Movie_189
Tom Hanks,Movie_370
Actor_83,Green Book
Actor_910,Pulp Fiction
Actor_805,Green Book
Scarlett Johansson,Nueve Reinas
Al Pacino,Nueve Reinas
Actor_395,Relatos Salvajes
Tom Hanks,Movie_408
Cate Blanchett,Movie_214
Linda Evans,Amores Perros
Ricardo Darin,Movie_377
Penelope Cruz,Movie_438
Actor_970,Lord of the Rings
Actor_392,Pulp Fiction
Actor_373,Beach Blanket Bingo
Linda Evans,Movie_216
Robert De Niro,Movie_180
Actor_646,The Big Steal
Ricardo Darin,Movie_129
Actor_241,Amores Perros
Actor_102,Lord of the Rings
Actor_588,Movie_484
Diego Luna,Y tu mama tambien
Linda Evans,Movie_451
Scarlett Johansson,Movie_277
Actor_78,Dynasty Movie
Denzel Washington,Beach Blanket Bingo
Linda Evans,Movie_255
Brad Pitt,Movie_46
Actor_939,Movie_317
Cate Blanchett,Movie_181
Actor_644,Movie_433
Penelope Cruz,Mitchell
Mahershala Ali,Movie_153
Actor_235,Movie_484
Leonardo DiCaprio,The Godfather
Actor_392,The Secret in Their Eyes
Brad Pitt,Movie_118
Actor_919,The Godfather
Tom Hanks,Green Book
Viggo Mortensen,Movie_158
Al Pacino,Movie_437
Brad Pitt,Movie_335
Actor_492,Mitchell
Actor_690,Movie_145
Actor_102,Movie_137
Cate Blanchett,Nueve Reinas
Tom Hanks,Movie_230
Actor_410,The Godfather
Leonardo DiCaprio,Pulp Fiction
Actor_851,Movie_50
Actor_919,Pulp Fiction
Actor_917,Mitchell
Leonardo DiCaprio,Movie_368
Viggo Mortensen,Pulp Fiction
Actor_615,Pulp Fiction
Penelope Cruz,Movie_148
Actor_220,La Reina del Sur
Denzel Washington,La Reina del Sur
Cate Blanchett,Movie_123
Robert De Niro,Relatos Salvajes
Brad Pitt,Mitchell
Actor_677,Amores Perros
Actor_23,Movie_324
Scarlett Johansson,Movie_376
Antonio Banderas,Beach Blanket Bingo
Tom Hanks,Movie_156
Actor_929,Amores Perros
Actor_107,Relatos Salvajes
Linda Evans,Y tu mama tambien
Diego Luna,Movie_324
Leonardo DiCaprio,The Secret in Their Eyes
Actor_710,Pulp Fiction
Robert De Niro,Movie_373
Actor_431,Movie_222
Robert De Niro,Movie_306
Actor_921,Beach Blanket Bingo
Actor_372,The Secret in Their Eyes
Actor_544,Y tu mama tambien
Actor_72,Nueve Reinas
Actor_966,The Secret in Their Eyes
Viggo Mortensen,Movie_405
Gael Garcia Bernal,Movie_82
Diego Luna,Movie_317
Penelope Cruz,Movie_47
Robert De Niro,Movie_66
Soledad Villamil,Movie_56
Actor_954,Movie_154
Gaston Pauls,Movie_420
Gaston Pauls,Movie_8
Actor_656,The Godfather
Scarlett Johansson,The Godfather
Actor_142,Nueve Reinas
Denzel Washington,Movie_86
Al Pacino,The Godfather
Christian Bale,Movie_164
Actor_282,The Godfather
Scarlett Johansson,Movie_91
Antonio Banderas,La Reina del Sur
Actor_35,Movie_361
Scarlett Johansson,Pulp Fiction
Actor_164,La Reina del Sur
Actor_255,Relatos Salvajes
Al Pacino,Pulp Fiction
Ricardo Darin,Movie_24
Christian Bale,Movie_466
Denzel Washington,Inception
Soledad Villamil,Movie_261
Actor_379,Green Book
Actor_716,La Reina del Sur
Actor_71,Dynasty Movie
Cate Blanchett,Movie_150
Leonardo DiCaprio,Movie_180
Tom Hanks,Movie_128
Ricardo Darin,Dynasty Movie
Actor_351,Lord of the Rings
Actor_193,Green Book
Viggo Mortensen,Movie_484
Actor_247,La Reina del Sur
Actor_834,Movie_493
Linda Evans,Movie_324
Christian Bale,The Godfather
Leonardo DiCaprio,Movie_372
Scarlett Johansson,The Secret in Their Eyes
Soledad Villamil,Movie_68
Actor_962,Movie_3
Al Pacino,The Secret in Their Eyes
Diego Luna,Movie_328
Christian Bale,Pulp Fiction
Meryl Streep,Movie_498
Viggo Mortensen,Movie_303
Actor_224,Movie_150
Cate Blanchett,The Godfather
Actor_543,Dynasty Movie
Antonio Banderas,Movie_500
Actor_426,Relatos Salvajes
Actor_444,Movie_124
Tom Hanks,Movie_366
Actor_369,Movie_338
Actor_888,Amores Perros
Soledad Villamil,Movie_179
Gael Garcia Bernal,Movie_479
Actor_806,Movie_480
Actor_838,The Secret in Their Eyes
Cate Blanchett,Pulp Fiction
Actor_58,Movie_217
Meryl Streep,Mitchell
Antonio Banderas,Inception
Robert De Niro,Movie_453
Gaston Pauls,Movie_473
Penelope Cruz,Movie_448
Actor_92,Movie_142
Actor_509,La Reina del Sur
Actor_394,The Big Steal
Christian Bale,The Secret in Their Eyes
Actor_252,Dynasty Movie
Actor_790,Beach Blanket Bingo
Actor_447,La Reina del Sur
Mahershala Ali,Movie_64
Leonardo DiCaprio,Relatos Salvajes
Gaston Pauls,Movie_105
Actor_626,Beach Blanket Bingo
Actor_159,The Godfather
Actor_505,Inception
Actor_663,Movie_276
Brad Pitt,Movie_486
Cate Blanchett,The Secret in Their Eyes
Actor_357,Amores Perros
Actor_901,Movie_187
Actor_753,La Reina del Sur
Leonardo DiCaprio,Movie_15
Actor_26,Dynasty Movie
Actor_346,Y tu mama tambien
Leonardo DiCaprio,Movie_488
Mahershala Ali,Beach Blanket Bingo
Viggo Mortensen,Movie_2
Ricardo Darin,Movie_386
Gael Garcia Bernal,Movie_153
Robert De Niro,Dynasty Movie
Actor_31,Green Book
Al Pacino,Movie_480
Tom Hanks,Amores Perros
Actor_270,Lord of the Rings
Actor_610,Green Book
Al Pacino,Movie_229
Cate Blanchett,Movie_319
Antonio Banderas,Movie_179
Leonardo DiCaprio,Movie_69
Actor_236,Mitchell
Viggo Mortensen,Movie_193
Actor_801,Y tu mama tambien
Actor_489,Green Book
Actor_192,La Reina del Sur
Gaston Pauls,Movie_329
Actor_388,The Godfather
Actor_677,Relatos Salvajes
Diego Luna,Mitchell
Actor_821,Movie_496
Christian Bale,Movie_372
Meryl Streep,Movie_85
Viggo Mortensen,Movie_226
Actor_669,Dynasty Movie
Soledad Villamil,Movie_390
Actor_565,Mitchell
Mahershala Ali,Movie_312
Actor_528,Inception
Actor_661,Movie_446
Actor_388,Pulp Fiction
Meryl Streep,Movie_49
Denzel Washington,Green Book
Soledad Villamil,Movie_136
Linda Evans,Movie_361
Actor_901,Relatos Salvajes
Al Pacino,Movie_70
Penelope Cruz,Movie_462
Penelope Cruz,Movie_398
Christian Bale,Movie_345
Actor_234,Lord of the Rings
Mahershala Ali,Movie_154
Gaston Pauls,Nueve Reinas
Actor_754,Mitchell
Actor_35,Movie_386
Actor_717,The Secret in Their Eyes
Actor_362,The Godfather
Actor_593,Mitchell
Cate Blanchett,Movie_278
Leonardo DiCaprio,Movie_95
Actor_212,Pulp Fiction
Leonardo DiCaprio,Movie_453
Diego Luna,Movie_478
Actor_323,Relatos Salvajes
Christian Bale,Movie_474
Actor_876,Nueve Reinas
Actor_738,Nueve Reinas
Actor_182,Amores Perros
Soledad Villamil,Movie_214
Al Pacino,Movie_78
Actor_686,Green Book
Robert De Niro,Movie_387
Tom Hanks,Y tu mama tambien
Linda Evans,Mitchell
Penelope Cruz,Movie_20
Actor_163,Inception
Actor_320,Movie_192
Antonio Banderas,Green Book
Actor_827,Green Book
Actor_325,Amores Perros
Robert De Niro,Movie_251
Cate Blanchett,Movie_397
Penelope Cruz,Movie_454
Actor_472,Inception
Actor_379,Amores Perros
Actor_503,Relatos Salvajes
Actor_559,Relatos Salvajes
Actor_633,Y tu mama tambien
Actor_38,Inception
Mahershala Ali,Movie_467
Actor_995,Inception
Brad Pitt,Movie_321
Actor_611,Pulp Fiction
Actor_168,The Godfather
Denzel Washington,Movie_236
Actor_493,La Reina del Sur
Robert De Niro,Beach Blanket Bingo
Actor_253,Relatos Salvajes
Actor_260,Movie_114
Actor_293,Movie_217
Actor_915,Beach Blanket Bingo
Scarlett Johansson,Movie_304
Leonardo DiCaprio,Dynasty Movie
Cate Blanchett,Movie_78
Gael Garcia Bernal,Movie_326
Gael Garcia Bernal,Movie_233
Actor_473,The Godfather
Gaston Pauls,Movie_376
Tom Hanks,Movie_138
Viggo Mortensen,Movie_436
Actor_87,Dynasty Movie
Actor_620,La Reina del Sur
Actor_700,Movie_142
Actor_66,Movie_370
Actor_756,Y tu mama tambien
Actor_408,The Big Steal
Actor_757,Movie_106
Actor_621,Amores Perros
Actor_918,Green Book
Actor_129,Pulp Fiction
Actor_587,Dynasty Movie
Actor_238,Movie_102
Robert De Niro,La Reina del Sur
Actor_384,Movie_390
Actor_873,The Godfather
Actor_771,The Big Steal
Gaston Pauls,Movie_204
Christian Bale,Movie_382
Actor_918,Movie_288
Actor_387,Green Book
Actor_649,Beach Blanket Bingo
Gaston Pauls,The Godfather
Actor_782,Relatos Salvajes
Actor_98,Green Book
Actor_490,Amores Perros
Diego Luna,Movie_341
Christian Bale,Movie_265
Diego Luna,Movie_448
Actor_6,Movie_15
Ricardo Darin,Movie_490
Al Pacino,Movie_93
Antonio Banderas,Movie_354
Gaston Pauls,Pulp Fiction
Actor_204,Movie_236
Meryl Streep,Movie_346
Meryl Streep,Movie_120
Linda Evans,Movie_37
Ricardo Darin,Movie_332
Brad Pitt,Movie_343
Mahershala Ali,Movie_135
Actor_513,Beach Blanket Bingo
Actor_881,Amores Perros
Actor_642,Lord of the Rings
Actor_158,The Big Steal
Actor_790,Green Book
Actor_427,Relatos Salvajes
Al Pacino,Movie_383
Actor_288,Nueve Reinas
Actor_311,Relatos Salvajes
Actor_703,Nueve Reinas
Tom Hanks,Movie_483
Actor_831,La Reina del Sur
Gaston Pauls,The Secret in Their Eyes
Meryl Streep,Movie_463
Actor_74,Dynasty Movie
Robert De Niro,Inception
Actor_725,Amores Perros
Actor_490,Movie_134
Viggo Mortensen,Movie_183
Actor_850,Beach Blanket Bingo
Actor_962,Movie_410
Christian Bale,Movie_13
Cate Blanchett,Movie_93
Denzel Washington,Movie_469
Actor_601,Dynasty Movie
Denzel Washington,Amores Perros
Christian Bale,Dynasty Movie
Soledad Villamil,The Godfather
Actor_747,Beach Blanket Bingo
Leonardo DiCaprio,Beach Blanket Bingo
Actor_674,Beach Blanket Bingo
Actor_845,The Big Steal
Denzel Washington,Movie_45
Actor_450,Relatos Salvajes
Soledad Villamil,Pulp Fiction
Actor_661,Relatos Salvajes
Cate Blanchett,Dynasty Movie
Gaston Pauls,Movie_269
Denzel Washington,Movie_255
Cate Blanchett,Movie_7
Soledad Villamil,Movie_103
Actor_88,Dynasty Movie
Linda Evans,Movie_208
Actor_93,The Secret in Their Eyes
Actor_112,Mitchell
Actor_820,Movie_219
Actor_928,Movie_323
Actor_973,Dynasty Movie
Actor_171,The Godfather
Leonardo DiCaprio,La Reina del Sur
Soledad Villamil,The Secret in Their Eyes
Actor_919,La Reina del Sur
Actor_595,La Reina del Sur
Viggo Mortensen,Movie_113
Antonio Banderas,Amores Perros
Actor_116,Beach Blanket Bingo
Tom Hanks,Movie_335
Actor_458,Beach Blanket Bingo
Denzel Washington,Movie_350
Actor_840,Inception
Actor_407,The Big Steal
Leonardo DiCaprio,Movie_154
Meryl Streep,Movie_8
Viggo Mortensen,Movie_430
Actor_686,Movie_255
Brad Pitt,Movie_412
Actor_805,Dynasty Movie
Antonio Banderas,Movie_255
Denzel Washington,Y tu mama tambien
Scarlett Johansson,Beach Blanket Bingo
Penelope Cruz,The Big Steal
Al Pacino,Beach Blanket Bingo
Actor_694,The Big Steal
Actor_636,The Big Steal
Actor_440,Beach Blanket Bingo
Actor_272,Mitchell
Actor_60,Lord of the Rings
Actor_974,The Big Steal
Al Pacino,Movie_127
Tom Hanks,Mitchell
Actor_25,Movie_109
Brad Pitt,Movie_240
Penelope Cruz,Nueve Reinas
Actor_826,Amores Perros
Linda Evans,Movie_409
Robert De Niro,Movie_403
Actor_541,The Godfather
Actor_589,The Secret in Their Eyes
Actor_4,Movie_217
Cate Blanchett,Movie_64
Actor_215,Dynasty Movie
Actor_293,Movie_4
Scarlett Johansson,Movie_114
Christian Bale,Movie_117
Actor_838,Beach Blanket Bingo
Antonio Banderas,Movie_134
Diego Luna,Movie_369
Actor_269,Lord of the Rings
Actor_938,The Secret in Their Eyes
Leonardo DiCaprio,Inception
Actor_956,Dynasty Movie
Ricardo Darin,Movie_34
Robert De Niro,Movie_177
Brad Pitt,Movie_19
Actor_266,Y tu mama tambien
Diego Luna,Movie_284
Penelope Cruz,Lord of the Rings
Penelope Cruz,Movie_305
Scarlett Johansson,Movie_5
Christian Bale,Beach Blanket Bingo
Leonardo DiCaprio,Movie_213
Gael Garcia Bernal,Movie_68
Penelope Cruz,Movie_83
Actor_917,Nueve Reinas
Actor_893,Relatos Salvajes
Gael Garcia Bernal,Movie_232
Scarlett Johansson,La Reina del Sur
Penelope Cruz,Movie_277
Al Pacino,La Reina del Sur
Ricardo Darin,Movie_219
Meryl Streep,Movie_196
Robert De Niro,Green Book
Brad Pitt,Movie_44
Ricardo Darin,Movie_163
Antonio Banderas,Y tu mama tambien
Penelope Cruz,Movie_401
Cate Blanchett,Beach Blanket Bingo
Ricardo Darin,Movie_141
Brad Pitt,Nueve Reinas
Penelope Cruz,Movie_73
Linda Evans,Movie_20
Actor_158,The Secret in Their Eyes
Actor_730,Dynasty Movie
Gaston Pauls,Movie_246
Actor_960,Nueve Reinas
Antonio Banderas,Movie_106
Cate Blanchett,Movie_253
Robert De Niro,Movie_57
Meryl Streep,Movie_105
Actor_247,Y tu mama tambien
Christian Bale,La Reina del Sur
Ricardo Darin,The Big Steal
Actor_742,Mitchell
Actor_523,Movie_96
Tom Hanks,Movie_47
Diego Luna,Movie_359
Actor_920,Y tu mama tambien
Actor_458,Inception
Actor_930,Dynasty Movie
Christian Bale,Movie_31
Soledad Villamil,Relatos Salvajes
Soledad Villamil,Movie_474
Actor_960,Lord of the Rings
Actor_131,Y tu mama tambien
Antonio Banderas,Movie_424
Actor_396,Y tu mama tambien
Leonardo DiCaprio,Movie_399
Antonio Banderas,Movie_180
Cate Blanchett,La Reina del Sur
Scarlett Johansson,Movie_224
Soledad Villamil,Movie_306
Penelope Cruz,Movie_376
Actor_416,Amores Perros
Actor_649,Green Book
Gael Garcia Bernal,Movie_476
Scarlett Johansson,Inception
Denzel Washington,Movie_243
Actor_533,The Big Steal
Al Pacino,Inception
Denzel Washington,Movie_310
Ricardo Darin,Lord of the Rings
Actor_397,Movie_223
Scarlett Johansson,Movie_213
Brad Pitt,Movie_195
Actor_360,The Godfather
Soledad Villamil,Movie_488
Actor_267,Y tu mama tambien
Soledad Villamil,Movie_455
Actor_824,Nueve Reinas
Antonio Banderas,Movie_197
Actor_777,Pulp Fiction
Cate Blanchett,Movie_145
Actor_952,Green Book
Tom Hanks,Movie_206
Mahershala Ali,Amores Perros
Actor_340,Nueve Reinas
Actor_599,Dynasty Movie
Actor_841,Beach Blanket Bingo
Mahershala Ali,Movie_466
Diego Luna,Movie_222
Al Pacino,Movie_369
Christian Bale,Inception
Brad Pitt,Movie_63
Actor_34,La Reina del Sur
Actor_581,Amores Perros
Penelope Cruz,Pulp Fiction
Actor_750,Y tu mama tambien
Viggo Mortensen,Movie_320
Actor_907,Movie_316
Actor_401,Green Book
Antonio Banderas,Relatos Salvajes
Actor_751,Mitchell
Robert De Niro,Movie_379
Actor_880,Pulp Fiction
Cate Blanchett,Inception
Gaston Pauls,Movie_93
Meryl Streep,Nueve Reinas
Actor_774,Movie_175
Scarlett Johansson,Movie_147
Actor_11,Movie_410
Actor_911,Movie_218
Al Pacino,Movie_179
Leonardo DiCaprio,Green Book
Ricardo Darin,Movie_176
Diego Luna,Movie_389
Actor_196,Amores Perros
Brad Pitt,The Godfather
Penelope Cruz,The Secret in Their Eyes
Actor_762,The Big Steal
Brad Pitt,Movie_91
Al Pacino,Movie_294
Actor_816,Movie_60
Gael Garcia Bernal,Movie_10
Mahershala Ali,Movie_140
Robert De Niro,Movie_465
Gaston Pauls,Dynasty Movie
Actor_740,Lord of the Rings
Linda Evans,Movie_449
Meryl Streep,Movie_305
Actor_415,Beach Blanket Bingo
Actor_695,Pulp Fiction
Brad Pitt,Pulp Fiction
Actor_224,Inception
Scarlett Johansson,Movie_355
Actor_261,The Big Steal
Gael Garcia Bernal,Movie_240
Actor_95,Y tu mama tambien
Linda Evans,Movie_222
Brad Pitt,Movie_340
Actor_802,Beach Blanket Bingo
Gael Garcia Bernal,Movie_329
Diego Luna,Movie_9
Robert De Niro,Movie_212
Actor_153,Dynasty Movie
Actor_645,Green Book
Actor_123,Inception
Linda Evans,Movie_107
Actor_8,The Big Steal
Actor_953,Relatos Salvajes
Viggo Mortensen,Movie_347
Actor_191,Movie_269
Brad Pitt,Movie_464
Ricardo Darin,Movie_38
Actor_956,Movie_247
Brad Pitt,The Secret in Their Eyes
Viggo Mortensen,Movie_235
Actor_84,The Secret in Their Eyes
Ricardo Darin,Y tu mama tambien
Actor_454,Amores Perros
Mahershala Ali,Movie_198
Christian Bale,Movie_355
Meryl Streep,Movie_493
Brad Pitt,Movie_405
Tom Hanks,Movie_42
Soledad Villamil,Movie_299
Actor_260,Amores Perros
Actor_506,Mitchell
Actor_964,Nueve Reinas
Penelope Cruz,Movie_395
Actor_422,Pulp Fiction
Scarlett Johansson,Movie_318
Denzel Washington,Mitchell
Diego Luna,Nueve Reinas
Actor_622,Nueve Reinas
Meryl Streep,Movie_164
Actor_689,Relatos Salvajes
Actor_656,Green Book
Robert De Niro,Amores Perros
Scarlett Johansson,Green Book
Mahershala Ali,Movie_180
Al Pacino,Green Book
Actor_313,Lord of the Rings
Actor_840,Movie_366
Cate Blanchett,Movie_135
Soledad Villamil,Dynasty Movie
Actor_238,Relatos Salvajes
Actor_901,Green Book
Tom Hanks,Movie_409
Actor_723,Inception
Penelope Cruz,Movie_480
Actor_785,La Reina del Sur
Actor_737,Nueve Reinas
Actor_311,Movie_86
Gael Garcia Bernal,Movie_123
Actor_781,Green Book
Actor_661,La Reina del Sur
Penelope Cruz,Movie_229
Christian Bale,Movie_470
Actor_485,Relatos Salvajes
Actor_286,Pulp Fiction
Brad Pitt,Movie_269
Gael Garcia Bernal,Movie_83
Denzel Washington,Movie_146
Robert De Niro,Movie_451
Actor_635,Movie_448
Actor_565,Lord of the Rings
Linda Evans,Movie_329
Viggo Mortensen,Movie_67
Actor_710,Movie_175
Actor_981,Inception
Actor_685,Beach Blanket Bingo
Mahershala Ali,Movie_280
Actor_611,Movie_384
Meryl Streep,The Godfather
Actor_665,Mitchell
Actor_404,The Big Steal
Christian Bale,Green Book
Actor_338,Movie_426
Al Pacino,Movie_271
Actor_120,Amores Perros
Linda Evans,The Big Steal
Actor_740,Pulp Fiction
Antonio Banderas,Mitchell
Actor_991,The Godfather
Meryl Streep,Pulp Fiction
Gaston Pauls,Beach Blanket Bingo
Christian Bale,Movie_111
Cate Blanchett,Green Book
Viggo Mortensen,Movie_131
Linda Evans,Nueve Reinas
Viggo Mortensen,Movie_123
Actor_426,Lord of the Rings
Christian Bale,Movie_380
Diego Luna,Movie_493
Scarlett Johansson,Movie_6
Christian Bale,Movie_353
Soledad Villamil,Movie_109
Actor_235,Pulp Fiction
Robert De Niro,Movie_350
Mahershala Ali,Relatos Salvajes
Actor_76,Pulp Fiction
Actor_724,Mitchell
Actor_691,Inception
Viggo Mortensen,Movie_28
Actor_390,Movie_323
Actor_662,Amores Perros
Penelope Cruz,Movie_488
Diego Luna,Movie_164
Actor_973,Green Book
Linda Evans,Lord of the Rings
Meryl Streep,The Secret in Their Eyes
Robert De Niro,Y tu mama tambien
Actor_536,Pulp Fiction
Gael Garcia Bernal,Movie_417
Leonardo DiCaprio,Movie_323
Cate Blanchett,Movie_307
Actor_435,Y tu mama tambien
Ricardo Darin,Movie_243
Actor_709,Green Book
Actor_926,Relatos Salvajes
Actor_127,La Reina del Sur
Gaston Pauls,La Reina del Sur
Actor_136,The Secret in Their Eyes
Leonardo DiCaprio,Movie_452
Penelope Cruz,Movie_69
Actor_653,Beach Blanket Bingo
Gaston Pauls,Movie_430
Actor_816,Inception
Actor_738,La Reina del Sur
Gael Garcia Bernal,Movie_428
Gael Garcia Bernal,The Godfather
Actor_507,Mitchell
Penelope Cruz,Movie_192
Diego Luna,The Godfather
Leonardo DiCaprio,Movie_18
Actor_150,Movie_383
Actor_889,Inception
Actor_517,Green Book
Tom Hanks,Movie_8
Actor_774,The Secret in Their Eyes
Soledad Villamil,Beach Blanket Bingo
Robert De Niro,Movie_424
Actor_295,The Big Steal
Meryl Streep,Movie_269
Leonardo DiCaprio,Movie_497
Tom Hanks,Movie_43
Gael Garcia Bernal,Pulp Fiction
Diego Luna,Pulp Fiction
Leonardo DiCaprio,Amores Perros
Actor_137,Beach Blanket Bingo
Actor_841,Green Book
Cate Blanchett,Movie_236
Brad Pitt,Movie_419
Actor_507,Movie_146
Actor_975,Movie_414
Actor_572,Relatos Salvajes
Actor_839,Movie_195
Actor_47,Lord of the Rings
Tom Hanks,Movie_472
Actor_9,Green Book
Actor_918,Dynasty Movie
Actor_550,Movie_465
Viggo Mortensen,Movie_172
Al Pacino,Movie_458
Robert De Niro,Movie_435
Actor_442,Green Book
Soledad Villamil,Movie_48
Leonardo DiCaprio,Movie_255
Gaston Pauls,Inception
Actor_723,Green Book
Viggo Mortensen,The Godfather
Actor_21,Relatos Salvajes
Gael Garcia Bernal,The Secret in Their Eyes
Diego Luna,The Secret in Their Eyes
Actor_233,Nueve Reinas
Soledad Villamil,La Reina del Sur
Actor_813,Lord of the Rings
Leonardo DiCaprio,Movie_133
Soledad Villamil,Movie_31
Diego Luna,Movie_405
Actor_906,The Godfather
Actor_124,Lord of the Rings
Actor_260,Relatos Salvajes
Mahershala Ali,Movie_453
Gael Garcia Bernal,Movie_339
Meryl Streep,Movie_364
Actor_555,Movie_277
Mahershala Ali,Movie_327
Actor_51,Beach Blanket Bingo
Actor_532,Beach Blanket Bingo
Actor_579,Dynasty Movie
Actor_906,Pulp Fiction
Actor_356,Dynasty Movie
Actor_176,Movie_368
Actor_259,Y tu mama tambien
Linda Evans,Pulp Fiction
Actor_16,Relatos Salvajes
Actor_254,Movie_31
Leonardo DiCaprio,Movie_263
Actor_343,Pulp Fiction
Actor_544,Pulp Fiction
Actor_786,The Godfather
Viggo Mortensen,The Secret in Their Eyes
Actor_44,Movie_399
Scarlett Johansson,Amores Perros
Robert De Niro,Movie_416
Al Pacino,Amores Perros
Leonardo DiCaprio,Y tu mama tambien
Actor_637,The Godfather
Tom Hanks,Movie_107
Penelope Cruz,Movie_75
Al Pacino,Movie_45
Actor_158,Beach Blanket Bingo
Actor_781,Amores Perros
Actor_839,Pulp Fiction
Actor_591,Amores Perros
Actor_732,Relatos Salvajes
Penelope Cruz,Movie_7
Actor_871,The Secret in Their Eyes
Linda Evans,The Secret in Their Eyes
Penelope Cruz,Movie_291
Ricardo Darin,Mitchell
Linda Evans,Movie_394
Soledad Villamil,Inception
Penelope Cruz,Movie_415
Meryl Streep,Movie_2
Actor_277,Nueve Reinas
Actor_138,Beach Blanket Bingo
Mahershala Ali,Dynasty Movie
Actor_328,Green Book
Christian Bale,Movie_489
Actor_586,Amores Perros
Christian Bale,Amores Perros
Actor_883,Lord of the Rings
Actor_378,Movie_332
Actor_744,Relatos Salvajes
Christian Bale,Movie_216
Actor_703,La Reina del Sur
Gael Garcia Bernal,Movie_278
Actor_204,La Reina del Sur
Antonio Banderas,Movie_360
Ricardo Darin,Movie_40
Actor_6,The Big Steal
Cate Blanchett,Amores Perros
Actor_592,Movie_10
Actor_258,Relatos Salvajes
Actor_151,Movie_437
Scarlett Johansson,Movie_350
Gael Garcia Bernal,Movie_357
Cate Blanchett,Movie_325
Leonardo DiCaprio,Movie_311
Actor_929,Y tu mama tambien
Actor_603,Beach Blanket Bingo
Actor_30,The Big Steal
Gael Garcia Bernal,Movie_397
Actor_445,Movie_246
Linda Evans,Movie_395
Tom Hanks,Movie_425
Tom Hanks,The Big Steal
Al Pacino,Movie_339
Antonio Banderas,Movie_409
Actor_636,Movie_341
Christian Bale,Movie_475
Gaston Pauls,Green Book
Tom Hanks,Nueve Reinas
Mahershala Ali,Movie_356
Brad Pitt,Movie_326
Scarlett Johansson,Movie_198
Actor_813,The Secret in Their Eyes
Al Pacino,Movie_198
Meryl Streep,Movie_381
Actor_311,The Big Steal
Actor_340,Movie_93
Actor_77,Green Book
Soledad Villamil,Movie_355
Leonardo DiCaprio,Movie_461
Actor_317,Relatos Salvajes
Actor_774,Movie_151
Cate Blanchett,Movie_475
Actor_681,Relatos Salvajes
Viggo Mortensen,Relatos Salvajes
Actor_245,Relatos Salvajes
Christian Bale,Y tu mama tambien
Actor_453,Nueve Reinas
Tom Hanks,Movie_267
Antonio Banderas,Movie_463
Tom Hanks,Lord of the Rings
Gaston Pauls,Movie_285
Viggo Mortensen,Movie_397
Actor_499,Mitchell
Robert De Niro,Mitchell
Al Pacino,Movie_187
Actor_263,Movie_423
Penelope Cruz,Beach Blanket Bingo
Actor_680,The Godfather
Actor_113,La Reina del Sur
Actor_693,Movie_462
Actor_238,La Reina del Sur
Actor_402,Relatos Salvajes
Soledad Villamil,Movie_403
Robert De Niro,Movie_22
Actor_607,The Godfather
Actor_342,Movie_92
Actor_864,Movie_23
Actor_789,Nueve Reinas
Penelope Cruz,Movie_114
Actor_772,Green Book
Actor_917,Beach Blanket Bingo
Brad Pitt,Movie_272
Actor_501,Movie_423
Antonio Banderas,Movie_490
Actor_112,The Godfather
Actor_358,Pulp Fiction
Mahershala Ali,Movie_253
Actor_441,Nueve Reinas
Actor_793,Dynasty Movie
Soledad Villamil,Green Book
Meryl Streep,Movie_383
Linda Evans,Movie_2
Brad Pitt,Beach Blanket Bingo
Soledad Villamil,Movie_230
Actor_112,Pulp Fiction
Meryl Streep,Movie_415
Cate Blanchett,Movie_180
Actor_98,Movie_462
Scarlett Johansson,Relatos Salvajes
Mahershala Ali,La Reina del Sur
Al Pacino,Relatos Salvajes
Actor_689,Inception
Meryl Streep,Movie_51
Actor_217,Dynasty Movie
Actor_440,Relatos Salvajes
Actor_48,Movie_138
Al Pacino,Movie_375
Actor_909,Movie_440
Actor_729,Amores Perros
Actor_324,Inception
Actor_720,Dynasty Movie
Actor_952,Mitchell
Actor_867,The Big Steal
Actor_49,Relatos Salvajes
Actor_736,Lord of the Rings
Actor_212,The Godfather
Actor_773,The Godfather
Actor_695,La Reina del Sur
Actor_814,Inception
Al Pacino,Movie_100
Antonio Banderas,Movie_11
Robert De Niro,Movie_49
Actor_284,La Reina del Sur
Linda Evans,Movie_151
Actor_193,Lord of the Rings
Actor_77,Movie_141
Leonardo DiCaprio,Movie_438
Christian Bale,Relatos Salvajes
Actor_110,Nueve Reinas
Actor_321,Y tu mama tambien
Actor_30,Y tu mama tambien
Penelope Cruz,Movie_56
Tom Hanks,Movie_35
Tom Hanks,Pulp Fiction
Linda Evans,Movie_382
Denzel Washington,Movie_456
Actor_178,Movie_462
Cate Blanchett,Relatos Salvajes
Gael Garcia Bernal,Dynasty Movie
Diego Luna,Dynasty Movie
Actor_998,Nueve Reinas
Diego Luna,Movie_301
Actor_290,Pulp Fiction
Soledad Villamil,Movie_236
Actor_652,The Secret in Their Eyes
Actor_678,Dynasty Movie
Leonardo DiCaprio,Mitchell
Actor_1,La Reina del Sur
Actor_63,Movie_365
Mahershala Ali,Inception
Actor_713,Movie_410
Actor_481,Inception
Actor_869,Amores Perros
Tom Hanks,The Secret in Their Eyes
Antonio Banderas,Movie_449
Ricardo Darin,Movie_120
Cate Blanchett,Movie_483
Actor_221,Y tu mama tambien
Actor_79,Beach Blanket Bingo
Actor_541,Movie_390
Soledad Villamil,Movie_163
Actor_695,Inception
Actor_428,Nueve Reinas
Meryl Streep,Beach Blanket Bingo
Actor_383,La Reina del Sur
Actor_907,Beach Blanket Bingo
Actor_855,Lord of the Rings
Actor_378,Lord of the Rings
Linda Evans,Movie_93
Actor_840,Movie_388
Actor_344,The Big Steal
Viggo Mortensen,Dynasty Movie
Actor_811,Amores Perros
Actor_519,Y tu mama tambien
Actor_226,Movie_387
Antonio Banderas,Movie_107
Gaston Pauls,Amores Perros
Actor_489,The Big Steal
Actor_445,Beach Blanket Bingo
Actor_684,Lord of the Rings
Actor_553,Nueve Reinas
Actor_462,Mitchell
Ricardo Darin,Movie_314
Actor_697,La Reina del Sur
Christian Bale,Movie_46
Actor_710,Dynasty Movie
Actor_373,Nueve Reinas
Actor_1,Inception
Gael Garcia Bernal,Movie_64
Meryl Streep,La Reina del Sur
Denzel Washington,The Big Steal
Robert De Niro,Movie_367
Actor_464,Nueve Reinas
Actor_887,Inception
Denzel Washington,Nueve Reinas
Actor_642,Nueve Reinas
Gaston Pauls,Movie_133
Al Pacino,Movie_293
Actor_110,The Godfather
Actor_712,Green Book
Actor_804,Relatos Salvajes
Tom Hanks,Movie_480
Penelope Cruz,Movie_102
Actor_445,La Reina del Sur
Actor_186,Movie_120
Actor_964,Beach Blanket Bingo
Actor_777,Green Book
Actor_772,Amores Perros
Actor_23,Beach Blanket Bingo
Denzel Washington,Lord of the Rings
Antonio Banderas,Movie_112
Scarlett Johansson,Dynasty Movie
Gael Garcia Bernal,Beach Blanket Bingo
Diego Luna,Beach Blanket Bingo
Al Pacino,Dynasty Movie
Christian Bale,Movie_443
Christian Bale,Mitchell
Actor_323,Mitchell
Actor_822,Mitchell
Actor_566,The Big Steal
Leonardo DiCaprio,Movie_251
Soledad Villamil,Amores Perros
Actor_865,Mitchell
Antonio Banderas,The Big Steal
Actor_653,The Godfather
Actor_242,Relatos Salvajes
Meryl Streep,Inception
Antonio Banderas,Nueve Reinas
Denzel Washington,Movie_195
Actor_529,Relatos Salvajes
Actor_374,Mitchell
Actor_641,Mitchell
Actor_164,Nueve Reinas
Actor_460,Green Book
Mahershala Ali,Green Book
Gael Garcia Bernal,La Reina del Sur
Diego Luna,La Reina del Sur
Actor_776,Movie_329
Actor_731,Beach Blanket Bingo
Actor_883,Mitchell
Viggo Mortensen,Beach Blanket Bingo
Actor_371,The Secret in Their Eyes
Antonio Banderas,Lord of the Rings
Gael Garcia Bernal,Movie_74
Tom Hanks,Movie_2
Actor_800,The Big Steal
Actor_906,Beach Blanket Bingo
Actor_580,The Godfather
Gaston Pauls,Movie_29
Actor_440,Movie_109
Actor_575,Movie_125
Gaston Pauls,Movie_424
Christian Bale,Movie_259
Linda Evans,Beach Blanket Bingo
Soledad Villamil,Movie_134
Brad Pitt,Green Book
Antonio Banderas,Movie_90
Actor_390,La Reina del Sur
Tom Hanks,Movie_193
Actor_137,Movie_186
Actor_765,Amores Perros
Meryl Streep,Movie_402
Mahershala Ali,Movie_156
Diego Luna,Movie_25
Scarlett Johansson,Movie_387
Actor_568,Nueve Reinas
Tom Hanks,Movie_226
Ricardo Darin,Movie_196
Viggo Mortensen,La Reina del Sur
Actor_335,Movie_374
Brad Pitt,Movie_380
Actor_556,Movie_97
Meryl Streep,Movie_147
Soledad Villamil,Y tu mama tambien
Actor_450,Movie_442
Actor_370,Lord of the Rings
Actor_970,Beach Blanket Bingo
Gael Garcia Bernal,Inception
Viggo Mortensen,Movie_330
Diego Luna,Inception
Denzel Washington,Pulp Fiction
Actor_158,Amores Perros
Actor_750,The Big Steal
Actor_201,Relatos Salvajes
Soledad Villamil,Movie_106
Diego Luna,Movie_492
Cate Blanchett,Movie_349
Actor_708,Movie_487
Actor_825,Green Book
Linda Evans,Movie_430
Robert De Niro,Movie_343
Cate Blanchett,Movie_104
Gaston Pauls,Movie_220
Antonio Banderas,Movie_79
Actor_527,Green Book
Gaston Pauls,Relatos Salvajes
Soledad Villamil,Movie_29
Al Pacino,Movie_276
Gaston Pauls,Movie_461
Gael Garcia Bernal,Movie_378
Gaston Pauls,Movie_474
Soledad Villamil,Movie_424
Actor_21,Green Book
Brad Pitt,Movie_152
Denzel Washington,The Secret in Their Eyes
Al Pacino,Movie_331
Actor_689,Lord of the Rings
Actor_503,Movie_300
Actor_768,Movie_183
Actor_372,Inception
Gaston Pauls,Movie_274
Antonio Banderas,Movie_158
Actor_180,Movie_136
Viggo Mortensen,Inception
Gael Garcia Bernal,Movie_207
Denzel Washington,Movie_433
Actor_555,Beach Blanket Bingo
Linda Evans,Movie_224
Mahershala Ali,Movie_414
Actor_565,Movie_232
Actor_145,Y tu mama tambien
Actor_768,Beach Blanket Bingo
Actor_62,Inception
Actor_614,Relatos Salvajes
Meryl Streep,Green Book
Actor_816,Movie_361
Actor_94,La Reina del Sur
Brad Pitt,Movie_379
Actor_920,The Godfather
Actor_907,Green Book
Penelope Cruz,Movie_126
Diego Luna,Movie_294
Actor_668,Amores Perros
Viggo Mortensen,Movie_266
Ricardo Darin,Movie_121
Tom Hanks,Movie_286
Scarlett Johansson,Movie_42
Denzel Washington,Movie_484
Actor_154,Green Book
Diego Luna,Movie_41
Actor_555,La Reina del Sur
Diego Luna,Movie_135
Ricardo Darin,Nueve Reinas
Mahershala Ali,Lord of the Rings
Actor_10,Relatos Salvajes
Diego Luna,Movie_418
Actor_776,Pulp Fiction
Soledad Villamil,Movie_471
Leonardo DiCaprio,Movie_332
Soledad Villamil,Movie_274
Cate Blanchett,Movie_367
Cate Blanchett,Movie_74
Actor_438,Nueve Reinas
Actor_318,Movie_297
Actor_359,Relatos Salvajes
Antonio Banderas,Movie_87
Antonio Banderas,Movie_324
Actor_668,Movie_134
Actor_49,Inception
Actor_598,Green Book
Linda Evans,Movie_294
Actor_548,The Big Steal
Penelope Cruz,The Godfather
Actor_992,Lord of the Rings
Actor_636,The Godfather
Actor_365,Movie_106
Gael Garcia Bernal,Green Book
Actor_52,Amores Perros
Diego Luna,Green Book
Meryl Streep,Movie_236
Actor_622,Green Book
Actor_803,Movie_155
Actor_296,Green Book
Diego Luna,Movie_390
Mahershala Ali,Movie_451
Actor_974,Pulp Fiction
Actor_129,Dynasty Movie
Brad Pitt,Amores Perros
Brad Pitt,Movie_225
Gael Garcia Bernal,Movie_72
Antonio Banderas,Movie_303
Linda Evans,Movie_418
Actor_454,The Big Steal
Actor_181,La Reina del Sur
Viggo Mortensen,Movie_470
Actor_227,The Big Steal
Actor_505,Movie_395
Linda Evans,Movie_320
Actor_288,Relatos Salvajes
Al Pacino,Movie_490
Actor_758,Movie_112
Brad Pitt,Movie_451
Soledad Villamil,Movie_361
Actor_466,Dynasty Movie
Actor_821,The Godfather
Actor_184,La Reina del Sur
Robert De Niro,The Big Steal
Actor_315,Pulp Fiction
Viggo Mortensen,Green Book
Viggo Mortensen,Movie_427
Actor_746,Movie_69
Denzel Washington,Movie_419
Actor_441,Movie_233
Tom Hanks,Beach Blanket Bingo
Robert De Niro,Nueve Reinas
Actor_699,Green Book
Viggo Mortensen,Movie_285
Actor_497,Green Book
Actor_468,Nueve Reinas
Denzel Washington,Movie_296
Antonio Banderas,Movie_302
Actor_707,La Reina del Sur
Actor_130,Amores Perros
Mahershala Ali,Y tu mama tambien
Ricardo Darin,The Godfather
Actor_457,Movie_76
Actor_542,Movie_197
Actor_592,Beach Blanket Bingo
Robert De Niro,Lord of the Rings
Antonio Banderas,Movie_479
Leonardo DiCaprio,Movie_456
Actor_606,Green Book
Actor_218,La Reina del Sur
Actor_3,The Godfather
Actor_21,Amores Perros
Soledad Villamil,Mitchell
Ricardo Darin,Pulp Fiction
Mahershala Ali,Movie_106
Actor_482,Beach Blanket Bingo
Meryl Streep,Movie_189
Actor_30,Movie_199
Actor_830,Amores Perros
Diego Luna,Movie_101
Viggo Mortensen,Movie_6
Actor_775,Pulp Fiction
Meryl Streep,Movie_18
Actor_732,Lord of the Rings
Leonardo DiCaprio,Movie_389
Cate Blanchett,Movie_370
Actor_79,Amores Perros
Actor_988,Amores Perros
Actor_428,Dynasty Movie
Ricardo Darin,The Secret in Their Eyes
Diego Luna,Movie_54
Actor_354,The Secret in Their Eyes
Leonardo DiCaprio,Movie_39
Meryl Streep,Amores Perros
Actor_937,Y tu mama tambien
Actor_272,Movie_247
Gael Garcia Bernal,Movie_366
Actor_274,Movie_248
Actor_134,Mitchell
Actor_423,Mitchell
Actor_742,Movie_127
Ricardo Darin,Movie_433
Actor_437,Pulp Fiction
Christian Bale,Movie_248
Tom Hanks,Movie_155
Mahershala Ali,Movie_324
Gaston Pauls,Movie_251
Actor_819,Movie_343
Actor_610,Movie_13
Mahershala Ali,Movie_435
Actor_504,Nueve Reinas
Cate Blanchett,Movie_470
Actor_212,Inception
Actor_566,Mitchell
Actor_931,Movie_183
Scarlett Johansson,Movie_244
Penelope Cruz,Relatos Salvajes
Actor_755,Y tu mama tambien
Actor_487,The Secret in Their Eyes
Actor_292,Pulp Fiction
Actor_437,The Secret in Their Eyes
Viggo Mortensen,Movie_260
Actor_326,Amores Perros
Leonardo DiCaprio,The Big Steal
Diego Luna,Movie_191
Actor_273,The Godfather
Actor_529,Inception
Actor_904,Pulp Fiction
Actor_348,Movie_383
Actor_339,Inception
Leonardo DiCaprio,Movie_295
Robert De Niro,Movie_91
Brad Pitt,Movie_278
Actor_251,Y tu mama tambien
Leonardo DiCaprio,Nueve Reinas
Meryl Streep,Movie_475
Gael Garcia Bernal,Movie_18
Robert De Niro,Pulp Fiction
Denzel Washington,Movie_415
Penelope Cruz,Movie_455
Al Pacino,Movie_412
Viggo Mortensen,Movie_1
Actor_964,Amores Perros
Soledad Villamil,Movie_404
Actor_432,Relatos Salvajes
Actor_107,Pulp Fiction
Actor_278,Pulp Fiction
Actor_468,Pulp Fiction
Gael Garcia Bernal,Movie_469
Brad Pitt,Relatos Salvajes
Gael Garcia Bernal,Amores Perros
Diego Luna,Amores Perros
Actor_750,Movie_193
Leonardo DiCaprio,Lord of the Rings
Soledad Villamil,Movie_206
Actor_742,Movie_32
Scarlett Johansson,Movie_313
Actor_410,Lord of the Rings
Actor_806,Lord of the Rings
Robert De Niro,The Secret in Their Eyes
Brad Pitt,Movie_15
Actor_948,Mitchell
Actor_732,Y tu mama tambien
Robert De Niro,Movie_405
Tom Hanks,Movie_420
Leonardo DiCaprio,Movie_73
Actor_22,Mitchell
Cate Blanchett,Movie_116
Gael Garcia Bernal,Movie_133
Gael Garcia Bernal,Movie_77
Denzel Washington,Movie_486
Actor_140,The Big Steal
Scarlett Johansson,The Big Steal
Viggo Mortensen,Amores Perros
Actor_24,Movie_289
Al Pacino,The Big Steal
